date time,latitude,longitude,altitude(m),speed(m/s),sat_used
2026-09-22 23:07:25.000,47.65384674,-117.3701775,565.534,15.03,25
2026-09-22 23:07:35.000,47.65388518,-117.3680228,567.175,16.51,25
2026-09-22 23:07:45.000,47.65388146,-117.3660648,567.337,12.92,25
2026-09-22 23:07:55.000,47.65386077,-117.3644629,567.232,12.08,25
2026-09-22 23:08:05.000,47.65388395,-117.36279,565.662,12.07,25
2026-09-22 23:08:15.000,47.65386891,-117.361235,564.118,11.08,23
2026-09-22 23:08:25.000,47.65384345,-117.3598344,563.62,11.4,23
2026-09-22 23:08:35.000,47.65383974,-117.3582347,564.707,9.98,23
2026-09-22 23:08:45.000,47.65382635,-117.3570521,567.158,7.02,24
2026-09-22 23:08:55.000,47.6538376,-117.3558547,567.788,10.11,25
2026-09-22 23:09:05.000,47.65383899,-117.3544267,570.079,12.48,25
2026-09-22 23:09:15.000,47.65383583,-117.3528159,571.782,13.62,25
2026-09-22 23:09:25.000,47.65383215,-117.3507775,574.157,16.04,25
2026-09-22 23:09:35.000,47.65382683,-117.3484965,576.44,18.25,24
2026-09-22 23:09:45.000,47.65381255,-117.3459576,578.81,19.13,25
2026-09-22 23:09:55.000,47.65378902,-117.3432447,578.724,21.72,24
2026-09-22 23:10:05.000,47.65376534,-117.3402158,579.515,24.68,25
2026-09-22 23:10:15.000,47.65373566,-117.3368449,579.355,25.87,23
2026-09-22 23:10:25.000,47.65371634,-117.3333173,580.734,27.04,25
2026-09-22 23:10:35.000,47.65368873,-117.3296379,582.083,28.12,24
2026-09-22 23:10:45.000,47.65420832,-117.3259876,581.178,28.82,25
2026-09-22 23:10:55.000,47.6557598,-117.3229675,585.272,28.26,25
2026-09-22 23:11:05.000,47.65785869,-117.3209266,588.095,27.93,25
2026-09-22 23:11:15.000,47.65996368,-117.3188989,585.626,27.99,25
2026-09-22 23:11:25.000,47.6618825,-117.3163582,580.415,28.86,25
2026-09-22 23:11:35.000,47.66353398,-117.313339,581.403,29.23,24
2026-09-22 23:11:45.000,47.66491312,-117.3100834,578.98,28.67,25
2026-09-22 23:11:55.000,47.66628093,-117.3068187,578.094,29.03,25
2026-09-22 23:12:05.000,47.66765417,-117.3035102,576.368,29.01,24
2026-09-22 23:12:15.000,47.6689931,-117.3003341,578.51,28.06,25
2026-09-22 23:12:25.000,47.67030275,-117.2972197,580.111,26.94,25
2026-09-22 23:12:35.000,47.6716017,-117.2941089,583.177,28.04,24
2026-09-22 23:12:45.000,47.67246238,-117.2905784,584.801,28.25,25
2026-09-22 23:12:55.000,47.67294637,-117.2870382,586.633,26.91,25
2026-09-22 23:13:05.000,47.67343268,-117.2835933,586.282,25.5,26
2026-09-22 23:13:15.000,47.67390055,-117.2801739,588.426,26.69,26
2026-09-22 23:13:25.000,47.6743948,-117.276647,591.205,27.36,24
2026-09-22 23:13:35.000,47.67483162,-117.2730695,593.305,26.87,24
2026-09-22 23:13:45.000,47.67507137,-117.2695322,593.559,26.91,25
2026-09-22 23:13:55.000,47.67514087,-117.2658975,590.998,27.56,26
2026-09-22 23:14:05.000,47.67500863,-117.2622451,587.996,27.18,24
2026-09-22 23:14:15.000,47.67467635,-117.2586292,585.935,28.29,24
2026-09-22 23:14:25.000,47.67424163,-117.2548516,584.622,29.06,25
2026-09-22 23:14:35.000,47.67395661,-117.2510959,585.282,28.15,24
2026-09-22 23:14:45.000,47.67386692,-117.2473553,590.148,28.04,26
2026-09-22 23:14:55.000,47.67392071,-117.2437268,591.211,26.73,24
2026-09-22 23:15:05.000,47.67397039,-117.2400859,586.139,27.93,23
2026-09-22 23:15:15.000,47.6740324,-117.2364249,588.821,27.64,25
2026-09-22 23:15:25.000,47.67408923,-117.2328073,590.071,26.84,26
2026-09-22 23:15:35.000,47.6741495,-117.2291648,589.862,27.92,26
2026-09-22 23:15:45.000,47.67420461,-117.2254754,589.453,27.69,26
2026-09-22 23:15:55.000,47.67401057,-117.2217655,590.848,28.12,26
2026-09-22 23:16:05.000,47.67343862,-117.2181816,591.543,27.1,26
2026-09-22 23:16:15.000,47.67273076,-117.2146078,590.241,28.59,24
2026-09-22 23:16:25.000,47.67197291,-117.2108222,589.328,29.82,25
2026-09-22 23:16:35.000,47.67122521,-117.2070611,588.604,29.42,24
2026-09-22 23:16:45.000,47.67046041,-117.2032572,588.139,30.21,23
2026-09-22 23:16:55.000,47.66970579,-117.1994738,587.791,29.46,25
2026-09-22 23:17:05.000,47.66894141,-117.1956993,587.522,29.3,23
2026-09-22 23:17:15.000,47.66821983,-117.1920929,592.333,27.44,25
2026-09-22 23:17:25.000,47.667513,-117.1886025,597.817,27.49,25
2026-09-22 23:17:35.000,47.66680598,-117.1850509,600.951,28.03,25
2026-09-22 23:17:45.000,47.66608517,-117.1814104,601.852,28.69,24
2026-09-22 23:17:55.000,47.66559889,-117.177595,601.372,29.84,24
2026-09-22 23:18:05.000,47.66552094,-117.1736253,600.885,28.82,24
2026-09-22 23:18:15.000,47.66552986,-117.169825,602.51,29.1,23
2026-09-22 23:18:25.000,47.66553005,-117.1659294,603.885,29.24,24
2026-09-22 23:18:35.000,47.66551494,-117.1621173,605.105,27.86,24
2026-09-22 23:18:45.000,47.66550172,-117.1583485,604.336,28.96,24
2026-09-22 23:18:55.000,47.6654867,-117.1544804,604.409,28.03,24
2026-09-22 23:19:05.000,47.66548677,-117.1507668,607.311,27.98,24
2026-09-22 23:19:15.000,47.66548647,-117.1469308,608.244,29.59,24
2026-09-22 23:19:25.000,47.66548324,-117.1429621,609.964,29.07,24
2026-09-22 23:19:35.000,47.66548181,-117.1391457,611.375,28.84,24
2026-09-22 23:19:45.000,47.66548088,-117.1352378,611.936,29.27,24
2026-09-22 23:19:55.000,47.66552685,-117.1315661,611.366,26.02,25
2026-09-22 23:20:05.000,47.6658958,-117.1287391,611.964,19.66,25
2026-09-22 23:20:15.000,47.66639165,-117.1264331,611.183,16.47,24
2026-09-22 23:20:25.000,47.66685766,-117.1243224,611.344,17.85,24
2026-09-22 23:20:35.000,47.6673851,-117.1219167,611.537,20.57,24
2026-09-22 23:20:45.000,47.6679921,-117.1191171,612.334,23.79,24
2026-09-22 23:20:55.000,47.66870322,-117.1159111,612.511,26.91,24
2026-09-22 23:21:05.000,47.66988839,-117.1125471,614.551,29.6,25
2026-09-22 23:21:15.000,47.67170113,-117.1095476,614.499,31.11,25
2026-09-22 23:21:25.000,47.67399928,-117.1072129,608.071,30.65,25
2026-09-22 23:21:35.000,47.67634183,-117.1050293,604.276,29.55,25
2026-09-22 23:21:45.000,47.67816874,-117.1022351,606.734,29.99,24
2026-09-22 23:21:55.000,47.67926579,-117.0986437,607.562,29.28,24
2026-09-22 23:22:05.000,47.67980974,-117.094838,610.117,28.8,24
2026-09-22 23:22:15.000,47.68035607,-117.0909601,610.818,30.36,25
2026-09-22 23:22:25.000,47.68119343,-117.0871742,609.361,30.53,25
2026-09-22 23:22:35.000,47.68244454,-117.0836405,608.904,28.69,25
2026-09-22 23:22:45.000,47.68373472,-117.0803357,607.895,28.38,25
2026-09-22 23:22:55.000,47.68500989,-117.0770695,608.127,28.97,25
2026-09-22 23:23:05.000,47.68633254,-117.073673,608.458,29.31,25
2026-09-22 23:23:15.000,47.68765048,-117.070291,608.009,29.87,25
2026-09-22 23:23:25.000,47.68902875,-117.0667665,607.931,31.14,25
2026-09-22 23:23:35.000,47.69039092,-117.0633075,607.901,29.95,25
2026-09-22 23:23:45.000,47.69170841,-117.0599335,609.924,27.88,25
2026-09-22 23:23:55.000,47.69299344,-117.0566269,610.815,29.32,25
2026-09-22 23:24:05.000,47.69428225,-117.0533112,612.083,27.95,25
2026-09-22 23:24:15.000,47.69532225,-117.0499108,612.103,27.71,25
2026-09-22 23:24:25.000,47.69596891,-117.0464305,612.624,27.07,25
2026-09-22 23:24:35.000,47.69644256,-117.0429058,614.228,26.94,25
2026-09-22 23:24:45.000,47.6969274,-117.0392736,615.747,27.8,25
2026-09-22 23:24:55.000,47.69740586,-117.0357071,617.299,27.3,25
2026-09-22 23:25:05.000,47.69790206,-117.0320999,620.67,27.99,25
2026-09-22 23:25:15.000,47.6985632,-117.0284852,623.806,28.37,24
2026-09-22 23:25:25.000,47.6994296,-117.0249789,624.44,28.15,24
2026-09-22 23:25:35.000,47.70055205,-117.0213717,626.453,31.42,25
2026-09-22 23:25:45.000,47.70194787,-117.0177259,627.766,31.98,25
2026-09-22 23:25:55.000,47.70356185,-117.0142528,627.989,31.72,26
2026-09-22 23:26:05.000,47.7052219,-117.0108718,627.584,30.31,26
2026-09-22 23:26:15.000,47.70681895,-117.0076136,628.367,30.6,26
2026-09-22 23:26:25.000,47.70833234,-117.0043426,628.58,29.47,26
2026-09-22 23:26:35.000,47.70932934,-117.0006991,628.358,28.49,26
2026-09-22 23:26:45.000,47.70969779,-116.9968702,629.984,29.12,24
2026-09-22 23:26:55.000,47.70990476,-116.9929892,631.286,28.49,24
2026-09-22 23:27:05.000,47.71015765,-116.9891338,632.112,29.52,25
2026-09-22 23:27:15.000,47.71055346,-116.9853767,632.414,28.66,25
2026-09-22 23:27:25.000,47.71098476,-116.9814864,632.348,30.23,24
2026-09-22 23:27:35.000,47.71141724,-116.9775539,633.228,29.5,24
2026-09-22 23:27:45.000,47.7118517,-116.9736914,634.523,29.2,24
2026-09-22 23:27:55.000,47.71239417,-116.9698723,635.152,29.28,23
2026-09-22 23:28:05.000,47.71313166,-116.9661331,635.686,29.22,25
2026-09-22 23:28:15.000,47.71384074,-116.9624414,637.18,29.06,25
2026-09-22 23:28:25.000,47.71386397,-116.9585965,639.67,28.03,25
2026-09-22 23:28:35.000,47.71318857,-116.9551448,644.718,25.54,25
